{"cameraMode":{"drawMode":0,"name":"Shaded","section":"Shading Mode"},"sceneLighting":true,"audioPlay":false,"sceneViewState":{"showFog":true,"showMaterialUpdate":false,"showSkybox":false,"showFlares":true,"showImageEffects":true,"showParticleSystems":true},"in2DMode":false,"pivot":{"x":-4.956351280212402,"y":7.703317642211914,"z":-4.862602233886719},"rotation":{"x":-0.09914441406726837,"y":0.00656470051035285,"z":-0.0006540545145981014,"w":-0.995051383972168},"size":24.630298614501954,"orthographic":false}