{"cameraMode":{"drawMode":0,"name":"Shaded","section":"Shading Mode"},"sceneLighting":true,"audioPlay":false,"sceneViewState":{"showFog":true,"showMaterialUpdate":false,"showSkybox":false,"showFlares":true,"showImageEffects":true,"showParticleSystems":true},"in2DMode":false,"pivot":{"x":-13.397445678710938,"y":0.0,"z":9.999980926513672},"rotation":{"x":-0.09914441406726837,"y":0.00656470051035285,"z":-0.0006540545145981014,"w":-0.995051383972168},"size":41.937171936035159,"orthographic":false}